player_id,name
understat_10006,Irakli Manelov
understat_10007,Sergey Volkov
understat_10010,Jesús Owono
understat_10012,Jakub Kiwior
understat_10020,Danil Denisov
understat_10023,David Strelec
understat_10029,Alberth Elis
understat_10034,Pablo Galdames
understat_10035,Vyacheslav Yakimov
understat_10039,Nicola Bagnolini
understat_10045,Stepan Melnikov
understat_10047,Kirill Shchetinin
understat_10073,Adam Obert
understat_10076,Filippo Missori
understat_10088,Niklas Pyyhtia
understat_10089,Fanil Sungatulin
understat_10095,Abdessamad Ezzalzouli
understat_10100,Kamory Doumbia
understat_10113,Fisnik Asllani
understat_10116,Vladislav Shitov
understat_10119,Owen Beck
understat_10120,Conor Bradley
understat_10139,Mattia Zanotti
understat_10145,Dikeni-Rafid Salifou
understat_10152,Bogdan Reichman
understat_10153,Ruslan Apekov
understat_10157,Mathias Olesen
understat_10166,Kasey McAteer
understat_10169,Diego Coppola
understat_10177,Evan Ferguson
understat_1018,Josh Cullen
understat_10188,Peter
understat_10193,Frank Magri
understat_10195,Ibrahim Diakité
understat_10205,Myles Peart-Harris
understat_10221,Tomás Mendes
understat_10233,Justin Kumi
understat_10238,Lapo Francesco Maria Nava
understat_10243,Jacques Ekomie
understat_10258,Dogan Alemdar
understat_10265,Nicolò Cocetta
understat_10268,Giorgio Cittadini
understat_10291,Vitalii Mykolenko
understat_10303,Jacopo Fazzini
understat_10318,Kelvin Yeboah
understat_10328,Edon Zhegrova
understat_10336,Tommaso De Nipoti
understat_10343,Antonio Iervolino
understat_10346,Bonke Innocent
understat_10349,Mika Biereth
understat_10365,Morten Frendrup
understat_10366,Albert Gudmundsson
understat_10373,Falaye Sacko
understat_10375,Enzo Tchato Mbiayi
understat_10376,Marko Lazetic
understat_10380,Zito
understat_10389,Fali Candé
understat_10393,Emil Ceïde
understat_10394,Jonas Wind
understat_10400,Myrto Uzuni
understat_10401,Njegos Petrovic
understat_10410,Tjark Ernst
understat_10413,Giovanni Bonfanti
understat_10425,Daniele Montevago
understat_10433,Cesare Casadei
understat_10437,Zakhar Volkov
understat_10439,Didier Lamkel Zé
understat_10440,Nemanja Glavcic
understat_10441,Artem Yuran
understat_10444,Viktor Aleksandrov
understat_10447,Aleksandr Yushin
understat_10448,Egor Mosin
understat_10449,Vanja Drkusic
understat_10450,Artem Makarchuk
understat_10456,Leon Klassen
understat_10457,Ilya Svinov
understat_10469,Nuraly Alip
understat_10470,Marat Apshatsev
understat_10471,Egor Teslenko
understat_10476,Aleksandr Kovalenko
understat_10478,Mark Mampassi
understat_10480,Butta Magomedov
understat_10485,Guemissongui Ouattara
understat_10492,Dmitry Pivovarov
understat_10494,Pablo Barrios Rivas
understat_10500,Nathan Gassama
understat_10504,Oleg Isaenko
understat_10508,Eniss Shabani
understat_10510,Artem Karpukas
understat_10515,Simon Ramet
understat_10516,Vladislav Samko
understat_10520,Aleksandr Selyava
understat_10527,Carlos Baleba
understat_10530,Olakunle Olusegun
understat_10531,Jonathan Okoronkwo
understat_10533,Egor Ushakov
understat_10542,Jamie Bynoe-Gittens
understat_10545,Julian Jeanvier
understat_10561,Jesús Santiago
understat_10572,Nikolay Tolstopyatov
understat_10574,David Kokoev
understat_10583,Mikhail Sukhoruchenko
understat_10584,Ilya Bykovskii
understat_10596,Simone Pafundi
understat_10605,Artem Ntumba
understat_10611,Ilya Vakhanla
understat_10615,Duccio Degli Innocenti
understat_10620,Luca Koleosho
understat_10627,Irakli Chezhiya
understat_10629,Nikita Ermakov
understat_10630,Aleksey Kashtanov
understat_10631,Luka Tsulukidze
understat_10632,Kirill Pechenin
understat_10635,Aleksandr Ektov
understat_10636,Vladimir Sychevoy
understat_10638,Nikolay Sysuev
understat_10640,Vladimir Khubulov
understat_10641,Ivan Oleynikov
understat_10642,Rizvan Tashaev
understat_10643,Vitalii Botnar
understat_10644,Aleksey Shumskikh
understat_10645,Artem Samsonov
understat_10646,Ivan Enin
understat_10647,Artem Simonyan
understat_10648,Ravil Netfullin
understat_10649,Hojimat Erkinov
understat_10650,Denis Laptev
understat_10651,Aleksandr Orekhov
understat_10652,Dzambolat Tsallagov
understat_10654,Kirill Ushatov
understat_10655,Daniil Martovoy
understat_10656,Artyom Meshchaninov
understat_10658,Marko Rakonjac
understat_10660,Mamadou Maiga
understat_10661,David Kobesov
understat_10666,Vasili Cherov
understat_10667,Aslan Dashaev
understat_10668,Ruslan Magal
understat_10669,Irakli Kvekveskiri
understat_10670,Oleg Dmitriev
understat_10671,Maksim Maksimov
understat_10672,Andrey Mendel
understat_10673,Vladislav Masternoy
understat_10674,Georgi Gongadze
understat_10675,Mikhail Smirnov
understat_10676,Matvey Ivakhnov
understat_10677,Daniil Chernyakov
understat_10678,Evgeni Morozov
understat_10679,Matvey Lukin
understat_10680,Batraz Gurtsiev
understat_10681,Jimmy Marín
understat_10684,Mihajlo Banjac
understat_10685,Rustam Khalnazarov
understat_10686,Dmitri Kratkov
understat_10688,Yaroslav Mikhaylov
understat_10690,Egor Pogostnov
understat_10691,Timofey Shipunov
understat_10692,Sasa Zdjelar
understat_10704,Cédric Avinel
understat_10708,Qazim Laçi
understat_10709,Bevic Moussiti-Oko
understat_10710,Mathieu Coutadeur
understat_10713,Mohamed Youssouf
understat_10716,Manor Solomon
understat_10719,Luke Harris
understat_10728,Oscar Fraulo
understat_10729,Yvandro Borges Sanches
understat_10732,Jakub Kaminski
understat_10734,Jens Stage
understat_10740,Jordan Zemura
understat_10742,Ben Pearson
understat_10743,Kieffer Moore
understat_10745,Emiliano Marcondes
understat_10750,Rasmus Kristensen
understat_10753,Connor Ronan
understat_10755,Joseph Hodge
understat_10759,Lewis O&#039;Brien
understat_10760,Brennan Johnson
understat_10765,Gavin Bazunu
understat_10766,Joe Ayodele-Aribo
understat_10768,Víctor Méndez
understat_10771,Ben Seghir
understat_10778,Mikhail Shchetinin
understat_10779,Vadim Rakov
understat_10781,Mateusz Wieteska
understat_10783,Muhammed-Cham Saracevic
understat_10787,Mikkel Desler
understat_10788,Rasmus Nicolaisen
understat_10797,Kévin Biakolo
understat_10801,Rares Ilie
understat_10808,Daniel Iversen
understat_10810,Alexsandro Ribeiro
understat_10813,Youssouf M&#039;Changama
understat_10815,Lassine Sinayoko
understat_10820,Andreas Bruus
understat_10824,Danel Dongmo
understat_10826,Miha Blazic
understat_10830,Jean Négoce
understat_10833,Lukasz Poreba
understat_10844,Darline Yongwa
understat_10849,Kristian Pedersen
understat_10852,Amir Batyrev
understat_10853,Mateo Stamatov
understat_10854,Souleymane Isaak Touré
understat_10865,Jamal Lowe
understat_10872,Vinicius Souza
understat_10873,Nabili Zoubdi Touaizi
understat_10878,Sandi Lovric
understat_10879,Festy Ebosele
understat_10881,James Abankwah
understat_10882,Lorenzo Malagrida
understat_10889,Roberto Arroyo
understat_10890,Michele Di Gregorio
understat_10892,Samuele Birindelli
understat_10893,Christian Gytkjær
understat_10894,Patrick Ciurria
understat_10896,Alessandro Sorrentino
understat_10897,Samuele Vignato
understat_10899,Emirhan Ilkhan
understat_10902,Federico Baschirotto
understat_10903,Morten Hjulmand
understat_10905,Assan Ceesay
understat_10906,Thórir Helgason
understat_10907,Marcin Listkowski
understat_10908,Medon Berisha
understat_10913,André Onana
understat_10921,Kenji-Van Boto
understat_10922,Rayan Raveloson
understat_10924,Fernand Mayembo
understat_1093,Mattia Perin
understat_10930,Etta Eyong
understat_10937,Cyriel Dessers
understat_10939,Cristian Buonaiuto
understat_10940,Giacomo Quagliata
understat_10941,Christian Acella
understat_10942,Vitali Shitov
understat_10948,Valentín Castellanos
understat_10950,Oscar Ureña
understat_10957,Mikael Ellertsson
understat_1096,Armando Izzo
understat_10964,Diego Valencia
understat_10967,Mile Svilar
understat_10971,Srdjan Babic
understat_10981,Malcom Adu
understat_10982,Copete
understat_10984,Alessandro Cortinovis
understat_10985,Sulemana
understat_1099,Tomás Rincón
understat_10990,Álex Revuelta
understat_10995,Agustín Álvarez Martínez
understat_10996,Luca D&#039;Andrea
understat_11006,Mohamed Camara
understat_11012,Leandro Sanca
understat_11013,Naatan Skyttä
understat_11017,Egor Proshkin
understat_11018,Jean Botué
understat_11019,Jacek Góralski
understat_11022,Simone Perilli
understat_11026,Luka Lochoshvili
understat_11027,Emanuele Valeri
understat_11034,Owen Bevan
understat_11036,Michele Castagnetti
understat_1104,Leonardo Pavoletti
understat_11040,Julius Beck
understat_11042,Marko Milovanovic
understat_11043,Abdulla Bagamaev
understat_11052,Telasco Segovia
understat_11055,Rasmus Højlund
understat_1106,Darko Lazovic
understat_11063,Souleymane Cissé
understat_11072,Nikita Ershov
understat_11073,Fabio Chiarodia
understat_11082,Nikita Alekseev
understat_11086,Willyan
understat_11090,Siriné Doucouré
understat_11091,Veljko Birmancevic
understat_11093,Mario Mitaj
understat_11095,Daniil Zorin
understat_11097,Mady Camara
understat_11098,Mark Koszta
understat_111,Jannik Vestergaard
understat_11101,Eli Dasa
understat_11102,Adam Buksa
understat_11103,Mateusz Lis
understat_11104,Aleksandar Cirkovic
understat_11108,Batxi
understat_11109,Magomed Yakuev
understat_11111,Lazar Randjelovic
understat_11112,Mihail Caimacov
understat_11114,Stefan Sapic
understat_11115,Bojan Roganovic
understat_11120,Nikola Soldo
understat_11123,Pavel Meleshin
understat_11129,Nicolas Moumi Ngamaleu
understat_11131,Christian Mawissa Elebi
understat_11135,Cheick Keita
understat_11136,Vladimir Mikhailov
understat_11139,Tommaso Barbieri
understat_1114,Davide Biraschi
understat_11141,Kevin Pina
understat_11152,Theocharis Tsingaras
understat_11155,Wilfried Gnonto
understat_11156,Momo Yansane
understat_11158,Aleksandr Koksharov
understat_1116,Gianluigi Donnarumma
understat_11170,Jacopo Seghetti
understat_11183,Daniel Shantaliy
understat_1119,Alessio Romagnoli
understat_11191,Dzhambulat Dulaev
understat_11193,Andrew Moran
understat_1120,Mattia De Sciglio
understat_11204,Jon Magunacelaya
understat_1121,Giacomo Bonaventura
understat_11210,Nathan Fraser
understat_1122,Manuel Locatelli
understat_11231,Ben Doak
understat_11232,Thomas Cannon
understat_11233,Dexter Lembikisa
understat_11246,Amar Ahmed Fatah
understat_1126,M&#039;Baye Niang
understat_11274,Flavio Paoletti
understat_11278,Gvidas Gineitis
understat_11280,Jordan Majchrzak
understat_11281,Michael Kayode
understat_11282,Lorenzo Amatucci
understat_11286,Youba Diarra
understat_11292,Lebas da Silva
understat_11293,François Mughe
understat_11305,Mykhailo Mudryk
understat_11308,Tommaso Cassandro
understat_11313,Andreas Ivan
understat_11314,Keke Maximilian Topp
understat_11322,Viktor Tsygankov
understat_11326,Raimonds Krollis
understat_11327,Tio Cipot
understat_11334,Przemyslaw Wisniewski
understat_11337,Alexander Callens
understat_11339,Youssouf Ndayishimiye
understat_11342,Eduard Sobol
understat_11343,Gabriel Suazo
understat_11351,Alan Do Marcolino
understat_11355,Noah Mbamba-Muanda
understat_1136,Gianluca Lapadula
understat_11360,Paul Onuachu
understat_11367,Victor Kristiansen
understat_11387,Cheick Konate
understat_11389,Valentin Atangana Edoa
understat_11398,Mihailo Ivanovic
understat_11418,Alphadjo Cissè
understat_11422,Petar Golubovic
understat_11425,Janio Bikel
understat_11427,Lev Skvortsov
understat_11428,Georgiy Karginov
understat_11430,Stefan Melentijevic
understat_11433,Danila Kozlov
understat_11436,Ilya Chernyak
understat_11437,Zaim Divanovic
understat_11438,Minkail Matsuev
understat_11440,Andrey Khodanovich
understat_11444,Milan Majstorovic
understat_11446,Kady
understat_11447,Moses Cobnan
understat_11448,Roman Yuzepchuk
understat_11449,Yordy Reyna
understat_11450,Ilya Stefanovich
understat_11454,Egor Noskov
understat_11455,Kirill Glebov
understat_11456,Matvey Kislyak
understat_11457,Yaroslav Arbuzov
understat_11460,Danil Kapustyanskiy
understat_11463,Aaron Ciammaglichella
understat_11470,Niccolò Pisilli
understat_11478,Nikola Sekulov
understat_11479,Stanislav Bessmertny
understat_11481,Ivan Lepskiy
understat_11482,Alberto Basso
understat_11486,Illia Zabarnyi
understat_11491,Nikita Kokarev
understat_11494,Justin-Noel Kalumba
understat_11500,Miguel
understat_11503,Marciano Sanca
understat_11504,Eli Junior Kroupi
understat_11517,Tony Strata
understat_11525,Babatunde Akinsola
understat_11529,Leonardo Mendicino
understat_11533,Ilya Ishkov
understat_11551,Marco Palestra
understat_11552,Ben Touré
understat_11554,Andres Sfait
understat_11558,Sergey Gorshkov
understat_11561,Ivan Bober
understat_11567,David Semenchuk
understat_1157,Samuele Perisan
understat_11573,Aleksey Baranovskiy
understat_11574,Bogdan Moskvichev
understat_11577,Lachezar Kotev
understat_1158,Simone Scuffet
understat_11582,Kamari Doyle
understat_11583,Dominic Ballard
understat_11586,Ebenezer Akinsanmiro
understat_11591,Francisco Mwepu
understat_11592,Nico O&#039;Reilly
understat_11594,Shea Charles
understat_11598,Aleksei Usanov
understat_11605,Dmitri Vasiljev
understat_11606,Vladislav Saus
understat_11608,Georgiy Harutyunyan
understat_1161,Francesco Zampano
understat_11610,Riccardo Pagano
understat_11621,Ulvi Babaev
understat_11622,Danila Kalin
understat_11629,Abdellah Raihani
understat_1164,Cristiano Biraghi
understat_11640,Igor Dmitriev
understat_11642,Mikhail Ryadno
understat_11643,Maksim Shnaptsev
understat_11645,Ugochukwu Iwu
understat_11647,Igor Vujacic
understat_11648,Ilya Rozhkov
understat_11649,Mirlind Daku
understat_11650,Merabi Uridia
understat_11654,Vladislav Volkov
understat_11656,Egor Karpitskiy
understat_11657,Nikita Saltykov
understat_11658,Maksim Laykin
understat_11659,Maksim Sidorov
understat_11660,Emircan Gürlük
understat_11663,German Ignatov
understat_11664,Nichita Motpan
understat_11666,Martin Kramaric
understat_11669,Nikola Radmanovac
understat_11671,Artur Galoyan
understat_11672,Sergey Pryakhin
understat_11673,Tamerlan Musaev
understat_11674,Dmitri Barkov
understat_11676,Ángelo Henríquez
understat_11677,Vladislav Lazarev
understat_11679,Aleksandr Osipov
understat_1168,Bryan Cristante
understat_11680,Maksim Borisko
understat_11683,Ivan Ostojic
understat_11687,Strahinja Erakovic
understat_11691,Ededem Essien
understat_11694,Andrey Ivlev
understat_11696,Svetoslav Kovachev
understat_11697,Oleg Reabciuk
understat_11699,Ameen Al Dakhil
understat_1170,Gianluca Caprari
understat_11702,Benson Manuel
understat_11709,Milos Kerkez
understat_11713,Amari&#039;i Bell
understat_11714,Tom Lockyer
understat_11715,Mads Andersen
understat_11719,Chiedozie Ogbene
understat_11728,Calvin Bassey
understat_11730,Anis Ben Slimane
understat_11736,Artem Dovbyk
understat_11741,Saúl Coco
understat_1175,Vincenzo Fiorillo
understat_11751,Joseph Okumu
understat_11754,Teddy Teuma
understat_11757,Hákon Haraldsson
understat_11762,Morgan Guilavogui
understat_11768,Cher Ndour
understat_11769,Dembo Sylla
understat_11772,Yehor Yarmolyuk
understat_11777,Cristian Cásseres Jr.
understat_11778,Mamady Bangré
understat_1178,Davide Zappacosta
understat_11783,Akor Adams
understat_11784,Lucas Mincarelli Davin
understat_11787,Loïc Négo
understat_11793,Andy Logbo
understat_11796,Étienne Youté
understat_11803,Jean N&#039;Guessan
understat_11813,Solomon Agbalaka
understat_11814,Danil Anosov
understat_11815,Ben Brereton Díaz
understat_11817,Emanuel Emegha
understat_11819,Clinton Mata
understat_1182,Daniele Baselli
understat_11823,Anton Mukhin
understat_11825,Abderrahmane Rebbach
understat_11826,Carlos Benavídez
understat_1183,Marco Benassi
understat_11831,Samu Omorodion
understat_11834,Adrià Alti
understat_11840,Jovan Milosevic
understat_11847,Grant-Leon Ranos
understat_11848,Attila Szalai
understat_1186,Andrea Belotti
understat_11866,Álex Grimaldo
understat_11867,Victor Boniface
understat_11875,Steven Shpendi
understat_11876,Luca Marianucci
understat_11877,Michael Folorunsho
understat_11879,Anthony Oyono
understat_11880,Francesco Gelli
understat_11881,Marvin Çuni
understat_11882,Giorgi Kvernadze
understat_11883,Gennaro Borrelli
understat_11884,Luigi Canotto
understat_11887,Przemyslaw Szyminski
understat_11892,Leart Paqarada
understat_11893,Rasmus Carstensen
understat_11895,Jacob Christensen
understat_11897,Raffaele Di Gennaro
understat_11898,Mateo Retegui
understat_11901,Tomasso Martinelli
understat_11902,Pietro Comuzzo
understat_11907,Mohamed Daramy
understat_11915,Fabian Nürnberger
understat_11927,Samuele Mulattieri
understat_11928,Kevin Miranda
understat_11929,Luca Lipani
understat_1193,Lorenzo De Silvestri
understat_11930,Daniel Boloca
understat_11932,Mateusz Legowski
understat_11936,Lorenzo Lucca
understat_11942,Kenan Yildiz
understat_11944,Patrick Dorgu
understat_11945,Ylber Ramadani
understat_11947,Rares Burnete
understat_11948,Jeppe Corfitzen
understat_1195,Daniele Padelli
understat_11951,Gustav Isaksen
understat_11955,Alberto Dossena
understat_11957,Antoine Makoumbou
understat_11958,Gaetano Oristanio
understat_11959,Matteo Prati
understat_11963,Tommaso Corazza
understat_11964,Giovanni Fabbian
understat_11967,Davide Bartesaghi
understat_11968,Kevin Zeroli
understat_11970,Víctor Dávila
understat_11974,Benjamin Sesko
understat_11980,Joseph Johnson
understat_11982,Jan-Niklas Beste
understat_11983,Matús Bero
understat_11987,Daniel Gore
understat_11995,Ibrahima Kebe
understat_1200,Federico Marchetti
understat_12001,Joseph N&#039;Duquidi
understat_12008,Nikola Krstovic
understat_12011,Seydou Fini
understat_12014,Jake O&#039;Brien
understat_12016,Chukwubuikem Ikwuemesi
understat_12030,Tasos Douvikas
understat_12032,Djordje Petrovic
understat_12034,Brandon Aguilera
understat_12039,Bertug Yildirim
understat_12040,Thomas Thiesson Kristensen
understat_12041,Roman Yaremchuk
understat_12042,Daniel Peretz
understat_12043,Christos Mandas
understat_12049,Aiyegun Tosin
understat_12052,Aliou Balde
understat_12053,Mikkel Kaufmann
understat_12054,Altay Bayindir
understat_12055,Berkan Kutlu
understat_1206,Danilo Cataldi
understat_12063,Nikoloz Kutateladze
understat_12068,Daniel Júnior
understat_12076,Guillermo Soto
understat_12077,Ilya Kirsch
understat_12083,Pantelis Hatzidiakos
understat_12088,Nikola Cumic
understat_1209,Ciro Immobile
understat_12095,Tomás Suslov
understat_1210,Keita
understat_12109,Vladislav Malkevich
understat_12112,Trivante Stewart
understat_12113,Jackson Tchatchoua
understat_12118,Jamie Donley
understat_12124,Alessandro Vogliacco
understat_1214,Thomas Strakosha
understat_12144,Bassirou N&#039;Diaye
understat_12151,Gabriel Osho
understat_12155,Zanos Savva
understat_12159,Mahamadou Nagida
understat_12164,Adama Bojang
understat_12168,Alejandro Jiménez
understat_12178,Niccolò Pierozzi
understat_12181,Jan-Carlo Simic
understat_12182,Jon Aramburu
understat_12183,Jeremy Sebas
understat_12185,Kandet Diawara
understat_12190,Arda Güler
understat_12191,Maksim Syshchenko
understat_12197,Rachad Dhimi
understat_12199,Alex Murphy
understat_12205,Mark O’Mahony
understat_12206,Aleksandr Chupaev
understat_12209,Aleksandr Degtev
understat_1221,Jacopo Sala
understat_12212,Leon Zaydenzal
understat_12218,Francesco Camarda
understat_12221,Christos Papadopoulos
understat_12229,Moussa Diakité
understat_1223,Milan Skriniar
understat_12234,Tawanda Chirewa
understat_12241,Semen Stolbov
understat_12245,Tom King
understat_12252,Alberto Manzoni
understat_1226,Karol Linetty
understat_12291,Rhys Norrington-Davies
understat_1230,Fabio Quagliarella
understat_12301,Antal Yaakobishvili
understat_12310,Stefan Lekovic
understat_12319,Andrea Sodero
understat_12320,Giacomo Corona
understat_12325,Kamil Piatkowski
understat_12326,Royce Openda
understat_1233,Filip Djuricic
understat_12334,Kingstone Mutandwa
understat_12346,Beraldo
understat_12356,Saba Goglichidze
understat_12357,Andrea Mazza
understat_12367,Gift Orban
understat_12379,Elayis Tavsan
understat_12381,Panos Katseris
understat_12386,Adel Mahamoud
understat_12387,Dehmaine Assoumani
understat_12389,Shavy Babicka
understat_12399,Kjell-Arik Wätjen
understat_12403,Bruno Langa
understat_12411,Junior Ndiaye
understat_12415,Triantafyllos Pasalidis
understat_12417,Aiham Ousou
understat_12419,Karol Swiderski
understat_12421,Andrej Ilic
understat_12425,Faris Moumbagna
understat_12426,Stanis Idumbo Muzambo
understat_12439,Stefan Mitrovic
understat_1244,Wojciech Szczesny
understat_12440,David Ankeye
understat_12442,Kamil Józwiak
understat_12443,Leonardo Cerri
understat_1246,Kostas Manolas
understat_12465,Sam Curtis
understat_12476,Oumar Sako
understat_12478,Ilya Zubenko
understat_12479,Imran Aznaurov
understat_12480,Aleksey Koltakov
understat_12487,Jordhy Thompson
understat_12490,Dardan Shabanhaxhaj
understat_12497,Jimi Tauriainen
understat_12504,Valeri Bocherov
understat_12508,Manfred Ugalde
understat_12512,Valeri Tsarukyan
understat_12513,Kirill Glushchenkov
understat_12515,Luka Bagatelia
understat_12517,Egor Nazarenko
understat_12518,Alexey Batrakov
understat_12519,Aboubacar Ali Abdallah
understat_1252,Stephan El Shaarawy
understat_12524,Ignacio Saavedra
understat_12526,Saúl Guarirapa
understat_12527,Yahya Attiat-Allah
understat_12529,Anton Shamonin
understat_1254,Alessandro Florenzi
understat_12542,Pavel Popov
understat_12549,Fred Onyedinma
understat_12552,Christ Mbondi
understat_12555,Ivan M&#039;Bahia
understat_12567,Ikechukwu Orazi
understat_12569,Marko Mladenovic
understat_12571,Artem Kontsevoy
understat_12584,Maat Caprini
understat_12586,Raimane Daou
understat_12588,Anton Roshchin
understat_12592,Astemir Khezhev
understat_12595,Hákon Valdimarsson
understat_12597,Alessandro Dellavalle
understat_12599,Asaf Arania
understat_12617,Gerardo Fusco
understat_12619,Matteo Vinlöf
understat_12620,Jonathan Asp Jensen
understat_12627,Mahmut Kücüksahin
understat_12633,Yunus Konak
understat_12636,Vignon Ouotro
understat_1264,Edoardo Goldaniga
understat_12640,Renat Golybin
understat_12644,Nikita Bozov
understat_12646,Sergey Volkov
understat_12647,João Escoval
understat_12649,Bojan Dimoski
understat_12651,Kirill Danilin
understat_12652,Abu-Said Eldarushev
understat_12654,Sergey Gribov
understat_12655,Ivan Timoshenko
understat_12656,Arseni Dmitriev
understat_12658,Marat Bokoev
understat_12660,Maksim Boldyrev
understat_12661,Dmitri Pestryakov
understat_12662,Vyacheslav Bardybakhin
understat_12663,Viktor Okishor
understat_12665,Maks Dziov
understat_12666,Rustam Yatimov
understat_12669,Ilya Zhbanov
understat_12670,Sékou Koïta
understat_12671,Artem Shumanskiy
understat_12673,Artem Kasimov
understat_12675,Nemanja Andjelkovic
understat_12677,Saminu Abdullahi
understat_12678,Soslan Kagermazov
understat_12679,Mutalip Alibekov
understat_12680,Valentin Paltsev
understat_12681,Idar Shumakhov
understat_12682,Aleksandr Sandrachuk
understat_12683,Anton Krachkovskiy
understat_12684,Razhab Magomedov
understat_12685,Nikita Glushkov
understat_12686,Maksim Khramtsov
understat_12687,Temirkan Sundukov
understat_12688,Abakar Gadzhiev
understat_12689,Vladimir Kovacevic
understat_12690,Timur Magomedov
understat_12691,Zalimkhan Yusupov
understat_12693,Luka Ticic
understat_12694,Dan Glazer
understat_12695,Nikita Vasilyev
understat_12697,Evgeni Staver
understat_12700,Shamil Gadzhiev
understat_12701,Egor Smelov
understat_12704,Kazimcan Karatas
understat_12708,Jan Dapo
understat_12709,Abdulpasha Dzhabrailov
understat_12711,Thomas Galdames
understat_12712,Houssem Eddine Mrezigue
understat_12713,Gilson Benchimol
understat_12714,Maksim Samorodov
understat_1272,Ilija Nestorovski
understat_12726,Christantus Uche
understat_12742,Peque
understat_12749,Wes Burns
understat_12752,Sammie Szmodics
understat_12753,Marcus Harness
understat_12754,Jack Taylor
understat_12759,Yankuba Minteh
understat_1277,Roland Sallai
understat_12774,Andy Irving
understat_12775,Kosta Nedeljkovic
understat_12776,Jeff Ekhator
understat_12777,Patrizio Masini
understat_12778,Federico Accornero
understat_12779,Honest Ahanor
understat_12782,Woyo Coulibaly
understat_12786,Mateusz Kowalski
understat_12792,Seydouba Cissé
understat_12800,Ngal&#039;ayel Mukau
understat_12802,Lorenzo Tosto
understat_12804,George Ilenikhena
understat_12807,Marwann N&#039;Zuzi
understat_1281,Giuseppe Pezzella
understat_12810,Ibrahim Sissoko
understat_12817,Rodrigo Abajas
understat_12830,Issiaga Camara
understat_12831,Victor Orakpo
understat_12836,Stefan Dzodic
understat_12843,Sorba Thomas
understat_12844,Bahereba Guirassy
understat_12847,Sidiki Chérif
understat_12854,Martin Frese
understat_12855,Casper Tengstedt
understat_12858,Daniele Ghilardi
understat_12866,Etienne Eto&#039;o Pineda
understat_12867,Alen Sherri
understat_12868,Mattia Felici
understat_1287,Leonardo Bonucci
understat_12872,Fisayo Dele-Bashiru
understat_12875,Magnus Kofod Andersen
understat_12879,Glen Kamara
understat_12880,Albert Grønbæk
understat_12881,Henrik Meister
understat_12882,Jordan James
understat_12885,Kialonda Gaspar
understat_12886,Filip Marchwinski
understat_12889,Federico Cassa
understat_12892,Mohammad Javad Hosseinnezhad
understat_12893,Enzo Boyomo
understat_12905,Nicolò Savona
understat_12907,Marco Sala
understat_12909,Alessandro Gabrielloni
understat_12910,Mads Hermansen
understat_12933,Marko Ivezic
understat_12949,Myenty Abena
understat_12952,Oscar Højlund
understat_12954,Can Uzun
understat_12958,Alessandro Marcandalli
understat_12961,Hamzat Ojediran
understat_12964,Kamil Grabara
understat_12965,Bence Dárdai
understat_12967,Denis Bokov
understat_12974,Karol Mets
understat_12981,Manolis Saliakas
understat_12983,Danel Sinani
understat_12984,Adam Dzwigala
understat_12989,Jay Idzes
understat_1299,Mario Lemina
understat_12995,Bojan Miovski
understat_12996,Alessio Iovine
understat_12997,Alieu Fadera
understat_12999,Lorenzo Anghelè
understat_13001,Álvaro Djaló
understat_13008,Andreas Albers
understat_13009,Vanja Vlahovic
understat_1301,Daniele Rugani
understat_1302,Emil Audero
understat_13024,Serigne Diop
understat_13029,Naci Ünüvar
understat_13030,Gabriel Charpentier
understat_13031,Giovanni Leoni
understat_13033,Ümit Akdag
understat_13036,Pau Cabanes De La Torre
understat_13038,Justin Devenny
understat_1304,Moise Kean
understat_13046,Lior Kasa
understat_13047,Coba da Costa
understat_13048,Orri Óskarsson
understat_13049,Damián Pizarro
understat_1305,Lukasz Skorupski
understat_13054,Veldin Hodza
understat_13063,Konstantinos Koulierakis
understat_13066,Ferdi Kadioglu
understat_13072,Vasilije Adzic
understat_13074,Dominik Javorcek
understat_13099,Rui Modesto
understat_13100,Juma Bah
understat_13109,Sven Karic
understat_13112,Fellipe Jack
understat_13118,Mavis Tchibota
understat_13125,Igor Miladinovic
understat_13126,Niama Sissoko
understat_1313,Riccardo Saponara
understat_13134,Ryan Manning
understat_13137,Sékou Doucouré
understat_13151,Mattia Liberali
understat_13163,Enri Mukba
understat_13164,Tommaso Gabellini
understat_13169,Artem Bandikyan
understat_13171,Papa Dame Ba
understat_13172,Adrian Benedyczak
understat_13173,Dmitri Aleksandrov
understat_13178,Tommaso Rubino
understat_13192,Milos Lukovic
understat_13193,Artem Chistyakov
understat_1320,Federico Barba
understat_13200,Fernando López
understat_13206,Matt O&#039;Riley
understat_13210,Mohamed Meïté
understat_13230,Ilya Vasin
understat_1324,Federico Dimarco
understat_13244,Jacopo Bacci
understat_13254,Diego Pugno
understat_13269,Thomas Campaniello
understat_13270,Sergiu Perciun
understat_13276,Álvaro Pascual
understat_13281,Bernard Nguene
understat_13294,García Pascual
understat_13301,Jakub Stolarczyk
understat_13311,Djylian N&#039;Guessan
understat_13312,Hafiz Ibrahim
understat_13319,Facundo Garcés
understat_13322,Erencan Yardimci
understat_13323,Budu Zivzivadze
understat_13324,David Zec
understat_13326,Abdoulie Ceesay
understat_13328,Bob Omoregbe
understat_13335,Goduine Koyalipou
understat_13338,Cheick Conde
understat_13340,Luka Topalovic
understat_13349,Lorenzo Venturino
understat_13368,Koka
understat_13381,Leandro Antonetti
understat_13385,Zabi Gueu
understat_13404,Tamás Nikitscher
understat_1341,Ivan Radovanovic
understat_13420,Vladyslav Krapyvtsov
understat_13423,Al Musrati
understat_13444,Florinel Coman
understat_13447,Oliver Provstgaard
understat_13449,Victor Nelsson
understat_13451,Konan N’Dri
understat_13459,Eiran Cashin
understat_13461,Giorgos Masouras
understat_13463,Nasser Djiga
understat_13466,Chido Obi-Martin
understat_13478,Sebastian Otoa
understat_13485,Kirill Pomeshkin
understat_13487,Danila Godyaev
understat_13489,Yaroslav Krashevskiy
understat_13493,Ognjen Mimovic
understat_13494,Dzhamalutdin Abdulkadyrov
understat_13497,Tiago Pereira Cardoso
understat_13499,Vadim Ulyanov
understat_13509,Anton Kovalev
understat_1351,Alex Cordaz
understat_13510,Belajdi Pusi
understat_13512,Levi García
understat_13513,Maksim Savelyev
understat_13517,Maksim Radchenko
understat_13525,Wilfried Ndollo Bille
understat_13530,Ange Tia
understat_1354,Gianmarco Ferrari
understat_13542,Stanislav Topinka
understat_13552,Hamidou Makalou
understat_13557,Atsamaz Revazov
understat_13562,Nicola Pintus
understat_13563,Albert Gabaraev
understat_13564,Nikita Massalyga
understat_13599,Alessio Cacciamani
understat_1362,Simy
understat_13629,Ibrahim Alani
understat_13645,José Carlos González
understat_1370,Federico Ceccherini
understat_1372,Andrea Barberis
understat_1374,José Reina
understat_1375,Elseid Hysaj
understat_1377,Nikola Maksimovic
understat_1383,Manolo Gabbiadini
understat_1386,Piotr Zielinski
understat_1392,Luigi Sepe
understat_1394,Lorenzo Tonelli
understat_1395,Vlad Chiriches
understat_1400,Nicola Murru
understat_1409,Nicolò Barella
understat_1416,Ciprian Tatarusanu
understat_1428,Ianis Hagi
understat_1433,Federico Chiesa
understat_1445,Simone Verdi
understat_1449,Federico Di Francesco
understat_1450,Umar Sadiq
understat_1453,Marios Oikonomou
understat_1454,Alex Ferrari
understat_1460,Andrea Consigli
understat_1463,Francesco Acerbi
understat_1465,Stefano Sensi
understat_1471,Lorenzo Pellegrini
understat_1473,Matteo Politano
understat_1477,Luca Mazzitelli
understat_1480,Gianluca Pegolo
understat_1483,Etrit Berisha
understat_1484,Rafael Toloi
understat_1486,Mattia Caldara
understat_1487,Andrea Conti
understat_1493,Andrea Petagna
understat_1496,Roberto Gagliardini
understat_1500,Leonardo Spinazzola
understat_1502,Marco D&#039;Alessandro
understat_1504,Alberto Grassi
understat_1505,Samir Handanovic
understat_1510,Gary Medel
understat_1516,Geoffrey Kondogbia
understat_1517,Antonio Candreva
understat_1522,Andrea Ranocchia
understat_1523,Danilo D&#039;Ambrosio
understat_1524,Stevan Jovetic
understat_1537,Sasa Lukic
understat_1542,Stefan Radu
understat_1543,Sergej Milinkovic-Savic
understat_1544,Federico Ravaglia
understat_1555,Bartlomiej Dragowski
understat_1569,Valerio Verre
understat_157,Daniel Caligiuri
understat_1574,Davide Calabria
understat_1580,Mattia Destro
understat_1583,Arkadiusz Milik
understat_1598,Manuel De Luca
understat_1599,Norbert Gyömbér
understat_1601,Riccardo Marchizza
understat_1609,Antonio Mirante
understat_1612,Domenico Berardi
understat_1624,Fabio Depaoli
understat_1631,Luca Zanimacchia
understat_1634,Alessandro Deiola
understat_1639,Sebastiano Luperto
understat_1643,Luca Marrone
understat_1663,Johann Berg Gudmundsson
understat_1724,Isaac Success
understat_1726,Abdoulaye Doucouré
understat_1810,Roberto Soriano
understat_1817,Mario Balotelli
understat_1826,Nicola Sansone
understat_1830,Ionut Radu
understat_1834,José Correia
understat_1841,Pierluigi Gollini
understat_1843,Matteo Bianchetti
understat_1868,Daniel Ciofani
understat_1873,Nicola Leali
understat_188,Kevin Kampl
understat_189,Hakan Calhanoglu
understat_1892,Alex Meret
understat_1898,Stefano Sabelli
understat_1903,Kevin Lasagna
understat_1922,Daniele Sommariva
understat_1926,Boris Radunovic
understat_1927,Berat Gjimshiti
understat_193,Giulio Donati
understat_1946,Pepín
understat_1958,Mattia Zaccagni
understat_1971,Simone Romagnoli
understat_1989,Francesco Bardi
understat_200,Andreas Christensen
understat_2012,Nicholas Pierini
understat_2019,Federico Bonazzoli
understat_2022,Samir Ujkani
understat_2040,Paolo Ghiglione
understat_2043,Kastriot Dermaku
understat_2044,Daniele Verde
understat_205,Mahmoud Dahoud
understat_2058,Filippo Romagna
understat_2066,Curro
understat_2106,Munir
understat_2109,Enzo Roco
understat_2186,Morales
understat_2193,Cala
understat_2226,Zaldúa
understat_2229,Yuri
understat_2243,Keylor Navas
understat_2247,Nacho
understat_2256,Jesé
understat_2261,Jan Oblak
understat_227,Robert Lewandowski
understat_2278,Giménez
understat_2280,Jonny
understat_23,Marvin Plattenhardt
understat_2346,Aarón
understat_2385,Mat Ryan
understat_2396,Balenziaga
understat_2401,Muniain
understat_2438,Egor Filipenko
understat_2452,De Marcos
understat_2456,Omar Mascarell
understat_2475,Jaume
understat_2509,Dimitri Foulquier
understat_2519,Tejero
understat_2521,Alfonso
understat_2532,Amath Diedhiou
understat_2555,Remiro
understat_258,Tolga Cigerci
understat_2584,Raíllo
understat_2592,Lazo
understat_2619,Stole Dimitrievski
understat_2659,Noah Joel Sarenren Bazee
understat_2691,Milos Veljkovic
understat_2711,Aleksey Miranchuk
understat_2712,Rifat Zhemaletdinov
understat_2721,Dimitri Barinov
understat_2724,Aleksandr Belenov
understat_2725,Georgi Zotov
understat_2741,Evgeni Frolov
understat_2745,Dmitry Zhivoglyadov
understat_2750,Roman Zobnin
understat_2751,Aleksey Ionov
understat_2758,Anton Shunin
understat_2759,Igor Leshchuk
understat_2762,Maksim Kuzmin
understat_2766,Soslan Dzhanaev
understat_2770,Fyodor Kudryashov
understat_2772,Aleksandr Erokhin
understat_2775,Dmitriy Poloz
understat_2784,Denis Terentjev
understat_2785,Timofey Margasov
understat_2786,Nikita Medvedev
understat_2788,Nikolay Zabolotny
understat_2789,Denys Kulakov
understat_2790,Aleksandr Martynovich
understat_2791,Roman Emelyanov
understat_2794,Aleksandr Ryazantsev
understat_2808,Sergey Pesjakov
understat_2809,Sergei Bryzgalov
understat_281,Lukas Hradecky
understat_2811,Ilya Kutepov
understat_2814,Denis Glushakov
understat_2820,Alexandr Zotov
understat_2822,George Melkadze
understat_2824,Aleksandr Putsko
understat_2826,Aleksandr Zuev
understat_2828,Sergey Parshivlyuk
understat_2831,Alexander Selikhov
understat_2832,Brian Idowu
understat_2834,Giorgi Jikia
understat_2844,Alikhan Shavaev
understat_2850,Rizvan Utsiev
understat_2852,Andrey Semenov
understat_2854,Daler Kuzyaev
understat_2856,Maciej Rybus
understat_2857,Oleg Ivanov
understat_2862,Igor Lebedenko
understat_2869,Reziuan Mirzov
understat_2876,Igor Akinfeev
understat_2887,Kirill Panchenko
understat_2888,Kirill Nababkin
understat_2897,Aleksandr Golovin
understat_2898,Giorgi Shelia
understat_2900,Alexey Nikitin
understat_2906,Dmitriy Stotskiy
understat_291,Haris Seferovic
understat_2910,Vyacheslav Krotov
understat_2915,Georgy Schennikov
understat_2920,Sergei Petrov
understat_2925,Fedor Smolov
understat_2929,Yuri Gazinskiy
understat_2939,Alexander Zhirov
understat_294,Gian-Luca Waldschmidt
understat_2946,Bernard Berisha
understat_2958,Oleksandr Zinchenko
understat_2960,Aleksandr Filin
understat_2978,Ilzat Akhmetov
understat_2985,Elmir Nabiullin
understat_2986,Nikita Burmistrov
understat_2988,Vyacheslav Podberezkin
understat_2990,Ibrahim Tsallagov
understat_2997,Aleksey Pomerko
understat_3,Luca Caldirola
understat_3011,Vitaly Gudiev
understat_3015,Nikolay Komlichenko
understat_3025,Alexander Troshechkin
understat_3026,Artem Timofeev
understat_3034,Aslan Dudiev
understat_3050,Denis Yakuba
understat_3055,Igor Smolnikov
understat_3062,Oleg Shatov
understat_3063,Artem Dzyuba
understat_3067,Artur Yusupov
understat_3070,Maksim Rudakov
understat_3071,Mikhail Kerzhakov
understat_3072,Maxim Palienko
understat_3081,Aleksandr Maksimenko
understat_3090,Igor Konovalov
understat_3100,Evgeny Goshev
understat_3105,Egor Sorokin
understat_3129,Anton Mitryushkin
understat_3131,Zelimkhan Bakaev
understat_3133,Sergey Bozhin
understat_3136,Aleksey Evseev
understat_3138,Yury Zhuravlev
understat_3146,Alexey Tataev
understat_3150,Andrey Lunev
understat_3158,Serder Serderov
understat_3160,Nikita Chernov
understat_3161,Alexander Vasyutin
understat_3162,Khoren Bayramyan
understat_3165,Igor Obukhov
understat_317,Henrikh Mkhitaryan
understat_318,Pierre-Emerick Aubameyang
understat_3181,Ilya Pomazun
understat_3189,Egor Danilkin
understat_3192,Ilya Lantratov
understat_3194,Albert Sharipov
understat_3211,Martin Braithwaite
understat_3239,Hamari Traore
understat_3248,Omenuke Mfulu
understat_3301,Salvatore Sirigu
understat_332,Joel Matip
understat_3333,Francois Kamano
understat_3339,Jérôme Roussillon
understat_3367,Youssouf Kone
understat_3370,Issiaga Sylla
understat_339,Eric Maxim Choupo-Moting
understat_3415,Birama Touré
understat_343,Pierre-Emile Højbjerg
understat_3431,Almamy Touré
understat_347,Kaan Ayhan
understat_3479,Marcus Coco
understat_3502,Denis Petric
understat_3517,Ronael Pierre Gabriel
understat_3552,Marco Verratti
understat_3568,Clément Grenier
understat_3655,Charles Traore
understat_3657,Kevin N&#039;Doram
understat_3674,Abdoulaye Touré
understat_368,Konstantinos Stafylidis
understat_3682,Jordan Siebatcheu
understat_3683,Ivan Cavaleiro
understat_3693,Nolan Mbemba
understat_371,Sokratis
understat_3720,Milan Gajic
understat_3738,Serhou Guirassy
understat_375,Odisseas Vlachodimos
understat_378,Milos Pantovic
understat_3785,Kelvin Adou
understat_3800,Steve Mounie
understat_3813,Luka Djordjevic
understat_3821,Rolando Mandragora
understat_3872,George Puscas
understat_3899,Mattia Valoti
understat_3927,Alessio Cragno
understat_3939,Nikita Contini
understat_3951,Kevin Bonifazi
understat_3989,Salvatore Molina
understat_4010,Luca Garritano
understat_4070,Borja
understat_4142,Álvaro
understat_4199,Anton Shvets
understat_42,Julian Baumgartlinger
understat_4226,Darwin Machís
understat_4242,Stefan Mitrovic
understat_4345,Christopher Jullien
understat_4381,Mateusz Klich
understat_443,Peter Pekarík
understat_451,Matija Nastasic
understat_454,Charles Aránguiz
understat_4586,Aleksey Gerasimov
understat_4605,Anton Miranchuk
understat_4628,Egor Baburin
understat_4699,Simon Kjaer
understat_473,Danny Ward
understat_4811,Jean Eudes Aholou
understat_4828,Mathias Autret
understat_4886,Cédric Hountondji
understat_4895,Andrea Pinamonti
understat_4896,Andrew Gravillon
understat_4906,Alberto Cerri
understat_4907,Bartosz Bereszynski
understat_4911,Alessio Zerbin
understat_4918,Patrick Cutrone
understat_4920,Matteo Gabbia
understat_4932,Pietro Pellegri
understat_4937,Miha Zajc
understat_4939,Alessandro Bastoni
understat_4943,Emanuel Vignato
understat_4951,Grigoris Kastanos
understat_4956,Michele Cerofolini
understat_4959,Filippo Melegoni
understat_4968,Giorgio Altare
understat_498,Alexis Sánchez
understat_4981,Davide Frattesi
understat_4984,Wladimiro Falcone
understat_500,Alex Iwobi
understat_5025,Alessandro Buongiorno
understat_5037,Darko Brasanac
understat_5061,Kepa
understat_509,Wayne Hennessey
understat_5103,Martin Hongla
understat_5110,Mariano
understat_5113,Santos Borré
understat_5136,Estupiñán
understat_5155,Keidi Bare
understat_5199,Raba
understat_5221,Leon Bailey
understat_5222,Joel Pohjanpalo
understat_5240,Ondrej Duda
understat_5241,Péter Gulácsi
understat_5243,Dayotchanculle Upamecano
understat_5247,Naby Keita
understat_5250,Yussuf Poulsen
understat_5257,Willi Orban
understat_5258,László Bénes
understat_5264,Caglar Söyüncü
understat_5266,Vincenzo Grifo
understat_5270,Gerrit Holtmann
understat_528,Angelo Ogbonna
understat_5293,Rafal Gikiewicz
understat_5294,Salih Özcan
understat_531,Michail Antonio
understat_5322,Victor Osimhen
understat_5355,Jacob Bruun Larsen
understat_5397,Alexander Sobolev
understat_5409,Denis Adamov
understat_541,Victor Moses
understat_5410,Leo Goglichidze
understat_542,Pedro Obiang
understat_5423,Andrey Malykh
understat_5424,Mikhail Sivakov
understat_5426,Vladimir Poluyakhtov
understat_5442,Ivan Oblyakov
understat_5444,Ayaz Guliev
understat_5452,Miha Mevlja
understat_5454,Fedor Chalov
understat_5457,Khetag Khosonov
understat_5459,Konstantin Kuchaev
understat_5469,Evgeniy Chernov
understat_5479,Ilya Zhigulev
understat_5480,Matvey Safonov
understat_5483,Eric Bicfalvi
understat_5495,Jimmy Tabidze
understat_5497,Vladimir Iljin
understat_5503,Evgeny Latyshonok
understat_5513,Khyzyr Appaev
understat_5516,Egor Golenkov
understat_5526,Dmitrii Skopintcev
understat_5529,Nikita Goylo
understat_5535,Dmitry Vorobyev
understat_5536,Daniil Fomin
understat_5538,Vyacheslav Karavayev
understat_5541,Konstantin Savichev
understat_5545,Wilfred Ndidi
understat_5549,Luka Milivojevic
understat_5556,Ademola Lookman
understat_5568,Connor Roberts
understat_557,Matteo Darmian
understat_5595,Daniel James
understat_5596,Harry Wilson
understat_5609,Yves Bissouma
understat_5626,Jeremie Bela
understat_565,Nyom
understat_5657,Karl Toko Ekambi
understat_5666,Mouctar Diakhaby
understat_5672,Iván Balliu
understat_5686,Digbo Maiga
understat_5724,Irvin Cardona
understat_5736,Myziane Maolida
understat_5803,Fode Toure
understat_585,Seamus Coleman
understat_5899,Anton Zabolotny
understat_5900,Evgeni Markov
understat_5904,Ilnur Alshin
understat_5905,Yan Kazaev
understat_5906,Mikhail Oparin
understat_5911,Aleksandr Dovbnya
understat_5923,Nikolay Kalinskiy
understat_5926,Magomed-Shapi Suleymanov
understat_5927,Aleksey Gritsaenko
understat_5933,Artur Nigmatullin
understat_5940,Sergey Terekhov
understat_5942,Ivan Temnikov
understat_5947,Mihailo Ristic
understat_5952,Arsen Adamov
understat_5962,Tanguy NDombele Alvaro
understat_5976,Yoann Salmier
understat_5977,Joia Nuno Da Costa
understat_5994,Saidy Janko
understat_5998,Christophe Herelle
understat_6000,Tristan Dingome
understat_6014,Rominigue Kouame
understat_6015,Kouakou Herve Koffi
understat_6019,Angelo Fulgini
understat_6024,Ismael
understat_6025,Ivan Ignatyev
understat_6030,Zanka
understat_6034,Philip Billing
understat_6042,Jan Bednarek
understat_6047,Shane Duffy
understat_6069,Ablie Jallow
understat_6073,Guillermo Maripán
understat_6076,Nemanja Maksimovic
understat_6085,Marcin Kaminski
understat_6096,Sergio Córdova
understat_6107,Carlo Pinsoglio
understat_6120,Bono
understat_6125,Stanislav Lobotka
understat_6132,Marco Silvestri
understat_6151,Djené Dakonam
understat_6159,Gianluca Mancini
understat_6160,Riccardo Orsolini
understat_6162,Cengiz Ünder
understat_6167,Vanja Milinkovic-Savic
understat_6174,Nikola Milenkovic
understat_6175,Petko Hristov
understat_6176,Adam Marusic
understat_6180,Manuel Lazzari
understat_6190,Dawid Kownacki
understat_6191,Lorenzo Venuti
understat_6196,Nicolas Viola
understat_620,Kelechi Iheanacho
understat_6219,Enes Ünal
understat_6224,Marko Dmitrovic
understat_6228,Luka Jovic
understat_6234,Christopher Martins Pereira
understat_6238,Ignatius Ganago
understat_6253,Gianluca Scamacca
understat_6254,Kirill Kaplenko
understat_6271,Ihlas Bebou
understat_6293,Gerzino Nyamsi
understat_6303,Marvin Zeegelaar
understat_6314,Joachim Andersen
understat_6316,Panagiotis Retsos
understat_6324,Marash Kumbulla
understat_6327,Kevin Akpoguma
understat_6331,Alexander Lomovitskiy
understat_6348,Jann-Fiete Arp
understat_6364,Roman Tugarev
understat_6369,Ethan Ampadu
understat_6377,Joe Rodon
understat_6378,Nikolai Rasskazov
understat_64,Filip Kostic
understat_6400,Antonio Martínez
understat_6412,Raoul Bellanova
understat_6415,Nikolas Nartey
understat_6417,Daniil Kulikov
understat_6418,Hamza Choudhury
understat_6434,Franck Zambo
understat_6436,Stanley N&#039;Soki
understat_6443,Ben Kone
understat_6445,Elvis Rexhbecaj
understat_6454,Mohamed Youcef Belaïli
understat_646,Christian Eriksen
understat_6466,Jean-Claude Billong
understat_6470,José Arnáiz
understat_6485,Júnior Firpo
understat_6501,Andy Pelmard
understat_6504,Michael Obafemi
understat_6507,Semuel Pizzignacco
understat_6512,Musa Barrow
understat_6517,Charalampos Lykogiannis
understat_6532,Martin Dubravka
understat_6533,Anthony Lozano
understat_6552,Bryan Mbeumo
understat_6557,Louis Beyer
understat_6558,Frank Tsadjout
understat_6577,Amur Kalmykov
understat_6580,Danil Glebov
understat_6586,Andrey Egorychev
understat_6590,Mingiyan Beveev
understat_6598,Igor Kalinin
understat_6603,Dmitri Kabutov
understat_6608,Ionut Nedelcearu
understat_6611,Vyacheslav Grulev
understat_6614,Mikhail Ignatov
understat_6643,Francisco Vieites
understat_6646,Kirill Suslov
understat_6658,Nikita Kakkoev
understat_6671,Salvatore Esposito
understat_6672,Riccardo Sottil
understat_6680,Vladimir Moskvichev
understat_6686,Nicolo Zaniolo
understat_6692,Enrico Del Prato
understat_6696,Luca Ranieri
understat_6706,Ndary Adopo
understat_6707,Alex Matsukatov
understat_6708,Bote Baku
understat_6718,Andrea Colpani
understat_6722,Konstantinos Mavropanos
understat_6730,Mamin Artem
understat_6740,Miguel Ángel Rubio
understat_6769,Yuri Dyupin
understat_6772,Gamid Agalarov
understat_6774,Aleksey Sutormin
understat_6793,Daniil Lesovoy
understat_6795,Egor Shamov
understat_6800,Daniil Krugovoy
understat_6807,Jaka Bijol
understat_6810,Nayair Tiknizyan
understat_6820,David Brooks
understat_6827,Bobby Reid
understat_6852,Matt Doherty
understat_6864,Renaud Ripart
understat_6872,Mehmet Zeki Çelik
understat_6895,Jordan Lefort
understat_6904,Ibrahima Sissoko
understat_6910,Igor Diveev
understat_6918,Anuar Mohamed
understat_6935,Naif Aguerd
understat_695,Bertrand Traoré
understat_6954,Juan Camilo Hernández
understat_6955,Ezequiel Ávila
understat_696,Falcao
understat_6977,Pietro Terracciano
understat_6978,Giovanni Di Lorenzo
understat_6980,Francesco Caputo
understat_6982,Ivan Provedel
understat_6986,Hamed Junior Traore
understat_6988,Simone Aresti
understat_6996,William Troost-Ekong
understat_7002,Giangiacomo Magnani
understat_7004,Leonardo Sernicola
understat_7005,Jens Odgaard
understat_7010,Danil Lipovoy
understat_7013,Matteo Pessina
understat_7014,Arkadiusz Reca
understat_7024,Kasim Nuhu
understat_7027,Arijanet Muric
understat_7048,Frederik Rönnow
understat_706,Lukasz Fabianski
understat_7073,Pierre Kunde
understat_7083,Christian Nørgaard
understat_7084,Dusan Vlahovic
understat_7087,Elia Caprile
understat_7090,Krzysztof Piatek
understat_7096,Omar Colley
understat_7097,Ronaldo Vieira
understat_7109,Leandro Barreiro Martins
understat_7123,Evgeny Kharin
understat_7124,Davide Bettella
understat_7143,Ognjen Ozegovic
understat_7160,Nemanja Radonjic
understat_7164,Florent Muslija
understat_7166,Mathias Jensen
understat_7169,Moses Simon
understat_7176,Mickaël Alphonse
understat_7183,Daniil Khlusevich
understat_7185,Alexey Mironov
understat_7191,Ilya Gaponov
understat_7192,Pavel Maslov
understat_7194,Andriy Lunin
understat_7196,Roman Evgeniev
understat_7197,Fredrik Jensen
understat_7208,Samuel Chukwueze
understat_7229,Florian Chabrolle
understat_7230,Emile Smith-Rowe
understat_7239,Conor Coventry
understat_7240,Benoit Badiashile Mukinayi
understat_7243,Alessandro Russo
understat_725,Ola Aina
understat_726,Vito Mannone
understat_7277,Ryan John Giles
understat_7283,Daniil Utkin
understat_7284,Marco Brescianini
understat_7304,Danil Stepanov
understat_7307,Lechii Sadulaev
understat_7321,Nunzio Lella
understat_7324,Luca Gemello
understat_7330,Uros Racic
understat_7332,Max Kilman
understat_7333,Caleb Okoli
understat_7338,Bryan Gil Salvatierra
understat_7350,Yangel Herrera
understat_7375,Roberto Piccoli
understat_7376,Ozan Kabak
understat_7379,Nicolo Fagioli
understat_7384,Chris Mepham
understat_7387,Dimitris Nikolaou
understat_7397,Arbër Zeneli
understat_7406,Sory Kaba
understat_7410,Andras Schafer
understat_7411,Nicolo Rovella
understat_7412,Antonio Candela
understat_7413,Ibañez
understat_7416,Merih Demiral
understat_7432,Reinildo
understat_745,Kasper Schmeichel
understat_7452,Dmitri Rybchinsky
understat_7453,Khvicha Kvaratskhelia
understat_7454,Anton Zinkovskiy
understat_7455,Bogdan Ovsyannikov
understat_7461,Roman Akbashev
understat_7471,Baktiyor Zainutdinov
understat_7472,Wilfried Stephane Singo
understat_7476,Nail Umiarov
understat_7477,Maksim Glushenkov
understat_7482,Kouadio Kone
understat_7483,Hans Nicolussi Caviglia
understat_7499,Ilya Agapov
understat_7500,Giacomo Raspadori
understat_7501,Amadou Haidara
understat_7504,Aleksandr Chernikov
understat_7505,Aleksey Gorodovoy
understat_7507,Gianluca Gaetano
understat_751,N&#039;Golo Kanté
understat_7515,Andrei Ratiu
understat_7521,Konstantin Maradishvili
understat_753,Marc Albrighton
understat_7530,Samuele Ricci
understat_7540,Theo Sainte Luce
understat_7562,Eric Junior Dina Ebimbe
understat_7575,Sergei Borodin
understat_7576,Nicolò Cambiaghi
understat_7580,Alexei Kenyakin
understat_7582,Mark Travers
understat_7592,Stanislav Magkeev
understat_7612,Nathan N&#039;Goumou Minpol
understat_7613,Moussa Diarra
understat_762,Demarai Gray
understat_7620,Aleksandr Rudenko
understat_7628,Lameck Banda
understat_7632,Ivan Ordets
understat_7636,Nikolay Giorgobiani
understat_7638,Dmitriy Chistyakov
understat_7639,Aleksandr Dolgov
understat_7641,Timur Ayupov
understat_7652,Zuriko Davitashvili
understat_7654,David Volk
understat_7656,Ivan Miladinovic
understat_7659,Vladimir Obukhov
understat_7663,Maksim Osipenko
understat_7674,Igor Urganov
understat_7678,Soltmurad Bakaev
understat_7680,Andrey Mostovoy
understat_7681,Danila Prokhin
understat_7691,Jamal Lewis
understat_7701,Moussa Djenepo
understat_7703,John Egan
understat_7706,George Baldock
understat_7710,Oliver Norwood
understat_7718,Predrag Rajkovic
understat_7726,Ezri Konsa Ngoyo
understat_773,Aleksandar Mitrovic
understat_7730,Jean-Charles Castelletto
understat_7735,Donovan Léon
understat_7743,Pereira Lage
understat_7747,Mama Baldé
understat_7756,Yusuf Yazici
understat_7761,Timur Suleymanov
understat_7772,Marcin Bulka
understat_7790,Darko Churlinov
understat_7796,Klaus Gjasula
understat_7814,Taiwo Awoniyi
understat_7838,Martin Valjent
understat_7845,Aleksander Sedlar
understat_7865,Kirill Folmer
understat_7867,Robert Skov
understat_7868,Diadie Samassékou
understat_7874,Nikolay Titkov
understat_7882,Sheraldo Becker
understat_7883,Marcus Ingvartsen
understat_7888,Nemanja Gudelj
understat_7895,Vladislav Torop
understat_7900,Sargis Adamyan
understat_7904,Caoimhin Kelleher
understat_7908,Marshall Munetsi
understat_7909,Gaetano Castrovilli
understat_7910,Szymon Zurkowski
understat_7911,Aleksa Terzic
understat_7912,Eljif Elmas
understat_7923,Pawel Dawidowicz
understat_7924,Amir Rrahmani
understat_7934,Andreas Skov Olsen
understat_7936,Filip Jagiello
understat_7937,Julian Chabot
understat_7938,Tommaso Augello
understat_7940,Denis Vavro
understat_7947,Ruslan Malinovskiy
understat_7950,Mert Müldür
understat_7955,Jesse Joronen
understat_7958,Sandro Tonali
understat_7967,Anssumane Fati
understat_7973,Marco Mancosu
understat_7980,Adil Aouchiche
understat_7981,Nianzou Kouassi
understat_7984,Kirill Malyarov
understat_7985,Danila Vedernikov
understat_8000,Ilia Gruev
understat_8007,Yildirim Mert Cetin
understat_8009,Antonino Gallo
understat_8012,Yordan Osorio
understat_8025,Kasper Dolberg
understat_8030,Sebastian Walukiewicz
understat_8033,Vitali Lystsov
understat_8034,Georgios Kyriakopoulos
understat_8035,Samuel Di Carmine
understat_8040,Marvelous Nakamba
understat_8056,Arnaud Kalimuendo Muinga
understat_8066,Arnaut Danjuma Groeneveld
understat_8069,Maksim Mukhin
understat_807,Jonny Evans
understat_8072,Nikolay Poyarkov
understat_8094,Mathis Cherki
understat_8101,Stefano Turati
understat_8103,Modibo Sagnan
understat_8127,Amad Diallo Traore
understat_8129,Riccardo Calafiori
understat_813,Salomón Rondón
understat_8140,Munas Dabbur
understat_8151,Hianga&#039;a M&#039;Bock
understat_8163,Daniel Maldini
understat_8185,Giuseppe Ciocci
understat_8187,Georges Mikautadze
understat_8196,Aleksey Mamin
understat_8197,Ilario Monterisi
understat_8224,William Smallbone
understat_8232,Andrea Carboni
understat_8245,Lorenzo Pirola
understat_8268,Bogdan Jocic
understat_8271,Fernando Niño
understat_8278,Papa Ndiaga Yade
understat_8294,El Bilal Touré
understat_8308,Filip Stankovic
understat_8311,Janis Antiste
understat_8313,Pierre Kalulu Kyatengwa
understat_8314,Yvann Maçon
understat_8317,Edmond Tapsoba
understat_8321,Razvan Sava
understat_8326,Maduka Okoye
understat_8330,Jean Onana
understat_8341,Lazar Samardzic
understat_8343,Nikita Kotin
understat_8347,Maksim Nenakhov
understat_8348,Miroslav Bogosavac
understat_8350,Vadim Lukyanov
understat_8356,Evgeni Shlyakov
understat_8359,Oliver Abildgaard
understat_8361,Denis Makarov
understat_8362,Ilya Samoshnikov
understat_8364,Maksim Kutovoi
understat_8368,Kirill Zaika
understat_8369,Yuri Kovalev
understat_8372,Lucas Gourna Douath
understat_8383,Faustino Anjorin
understat_8384,Armando Broja
understat_8398,Márton Dárdai
understat_8423,Jon Pacheco Dozagarat
understat_8451,Ivan Komarov
understat_8456,Nathan Tella
understat_8458,Harvey White
understat_8465,Konstantin Shiltsov
understat_8478,Lorenzo Colombo
understat_8504,Vladislav Karapuzov
understat_8512,Filippo Terracciano
understat_8515,Artur Chyorny
understat_8517,Maxim Danilin
understat_8519,Stanislav Agkatsev
understat_8522,Matteo Lovato
understat_853,Paul Dummett
understat_855,Cristian Gamboa
understat_8556,Daniil Odoevskiy
understat_8569,Botond Balogh
understat_8587,Aleksandr Silyanov
understat_8597,Dmitri Tikhiy
understat_8598,Kirill Bozhenov
understat_8599,Ilya Kukharchuk
understat_8612,David Karaev
understat_8616,Oleg Kozhemyakin
understat_8617,Mukhammad Sultanov
understat_8622,Vitali Lisakovich
understat_8623,David Tosevski
understat_8624,Marat Bystrov
understat_8632,Enzo Ebosse
understat_8636,Jonathan Christian David
understat_8641,Radoslaw Majecki
understat_8642,Strahinja Pavlovic
understat_8649,Houboulang Mendes
understat_8666,Cheick Oumar Doucoure
understat_8667,Ismael Boura
understat_8673,Danil Kazantsev
understat_8674,Danil Massurenko
understat_8685,Mohamed Ali-Cho
understat_8686,Cheick Tidiane Sabaly
understat_8687,Kiki Kouyate
understat_8689,Yvan Neyou
understat_8691,Saidou Sow
understat_8694,Chidera Ejuke
understat_8696,Pape Alassane Gueye
understat_8698,Kays Ruiz-Atil
understat_8702,Tinotenda Kadewere
understat_8704,Marek Rodák
understat_8710,Renato Tapia
understat_8714,Danil Prutsev
understat_8716,Luke Ayling
understat_8731,Isaac Carcelén
understat_8756,Dara O&#039;Shea
understat_8759,David Pereira Da Costa
understat_8760,Arsen Zakharyan
understat_8761,Shon Weissman
understat_8782,Eduard Spertsyan
understat_8786,Stefan Ortega Moreno
understat_8803,Robert Gumny
understat_8804,Felix Agu
understat_8807,Silas Wamangituka
understat_8819,Mergim Vojvoda
understat_8820,Jacopo Segre
understat_8829,Nicolò Casale
understat_8831,Iyenoma Destiny Udogie
understat_8852,Konstantinos Tsimikas
understat_8856,Razvan Marin
understat_8857,Gabriele Zappa
understat_8858,Guglielmo Vicario
understat_8859,Mikkel Damsgaard
understat_8860,Nicola Ravaglia
understat_8861,Urko Gonzalez
understat_8864,Matthew Cash
understat_8871,Marco Carnesecchi
understat_8872,Matteo Ruggeri
understat_8873,Vladislav Kamilov
understat_8876,Dimitris Limnios
understat_8878,Atakan Karazor
understat_8881,Lorenzo Montipò
understat_8884,Alessandro Tuia
understat_8907,Mickaël Malsa
understat_8912,Tommaso Pobega
understat_8916,Simone Bastoni
understat_8933,Marcos de Sousa
understat_8944,Giulio Maggiore
understat_8949,Jeremías Ledesma
understat_8959,Cyrille Bayala
understat_8960,Stepan Oganesyan
understat_8997,Terem Igobor Moffi
understat_9002,Vedat Muriqi
understat_9005,Ilya Kamyshev
understat_9015,Cenk Özkacar
understat_9018,M&#039;Bala Nzola
understat_9021,Pape Sarr
understat_9026,Ruslan Bezrukov
understat_9027,Islam Alsultanov
understat_9036,Nicola Zalewski
understat_9038,Aleksandar Radovanovic
understat_9044,Alberto Paleari
understat_9046,Giuseppe Caso
understat_9049,Konstantin Tyukavin
understat_9055,Ruslan Litvinov
understat_9057,Franco Ezequiel Carboni
understat_9068,Komnen Andric
understat_9071,Matteo Cancellieri
understat_9079,Vyacheslav Litvinov
understat_9085,Martin Turk
understat_9089,Evgeniy Tatarinov
understat_9090,Ardian Ismajli
understat_9105,Radu Dragusin
understat_9106,Aleksandr Pavlovets
understat_9107,Giorgio Scalvini
understat_9121,Aleksandr Kutitskiy
understat_9127,Lukas Petkov
understat_9134,Alessandro Di Pardo
understat_9138,Tommaso Milanese
understat_9158,Andrey Langovich
understat_9165,Ivan Kuzmichev
understat_9170,John Finn
understat_9174,Edgar Sevikyan
understat_9182,Sepe Elye Wahi
understat_9201,Eren Sami Dinkci
understat_9226,Mihai Valentin Mihaila
understat_9233,Joakim Maehle
understat_9241,Alfon
understat_9243,Ilaix Moriba
understat_9263,Filippo Ranocchia
understat_9272,Filip Jorgensen
understat_9284,Jakub Moder
understat_9293,Hugo Novoa Ramos
understat_9297,Abdelkabir Abqar
understat_9301,Emmanuel Dennis
understat_9303,Dennis Man
understat_9322,Alessandro Bianco
understat_9337,Valentin Antov
understat_9344,Viktor Kovalenko
understat_9345,Ahmadou Bamba Dieng
understat_9363,Tigran Avanesyan
understat_9376,Ivan Kukushkin
understat_9381,Saba Sazonov
understat_9382,Danila Khotulev
understat_9385,Maksim Turischev
understat_9387,Vlasdilav Yakovlev
understat_9402,Ramazan Gadzhimuradov
understat_9406,Nathan Broadhead
understat_9409,Kaine Hayden
understat_9415,Jaden Philogene-Bidace
understat_9421,Kirill Kravtsov
understat_9427,Mehmet Can Aydin
understat_943,Massadio Haidara
understat_9447,Niakhate Ndiaye
understat_9451,Chimuanya Ugochukwu
understat_9470,Isaac Price
understat_9473,Danill Khudiakov
understat_9491,Warmed Omari
understat_9503,Kacper Urbanski
understat_9510,Habib Keita
understat_9512,Valentino Livramento
understat_9518,Edoardo Bove
understat_9533,Mamady Diarra
understat_9539,Antonio Raimondo
understat_9550,Yayah Kallon
understat_9556,William Osula
understat_9558,Hannibal Mejbri
understat_9559,Marco Bertini
understat_9569,Viktor Melekhin
understat_9571,Iaroslav Gladyshev
understat_9575,Ilya Sagygov
understat_9576,Artem Sokolov
understat_9577,Daniil Kuznetsov
understat_9578,Sergey Babkin
understat_9579,Maksim Petrov
understat_9582,Konstantin Nizhegorodov
understat_9583,Yuri Zheleznov
understat_9584,Luka Gagnidze
understat_9586,Ivan Lomaev
understat_9587,Aleksandr Soldatenkov
understat_9588,Yuri Gorshkov
understat_9589,Dmytro Ivanisenya
understat_9590,Ivan Sergeev
understat_9591,Vladislav Sarveli
understat_9592,Roman Ezhov
understat_9593,Maksim Vityugov
understat_9594,Sergei Pinyaev
understat_9595,Dmitri Tsypchenko
understat_9597,Egas Cacintura
understat_9601,Kirill Gotsuk
understat_9604,Ilya Berkovskiy
understat_9605,Daniil Penchikov
understat_9610,Kirill Zinovich
understat_9615,Jere Uronen
understat_9619,Issa Kabore
understat_9631,Christopher Wooh
understat_9633,Przemyslaw Frankowski
understat_9635,Karol Fila
understat_9643,Jodel Dossou
understat_9645,Jim Allevinah
understat_9646,Mohamed Bayo
understat_9648,Elbasan Rashani
understat_9655,Pablo Rosario
understat_9662,Dango Ouattara
understat_9671,Béni Makouana
understat_9678,Ethan Pinnock
understat_9679,Rico Henry
understat_9681,Frank Onyeka
understat_9683,Mads Bech Sørensen
understat_9685,Mads Roerslev
understat_9686,Halil Dervisoglu
understat_9692,Karl Hein
understat_9693,Giorgi Mamardashvili
understat_9704,Vasilios Lampropoulos
understat_9707,Silvère Ganvoula
understat_9709,Erhan Masovic
understat_9713,Tymoteusz Puchacz
understat_9723,Frederik Winther
understat_9733,Nathan Collins
understat_9734,Enock Mwepu
understat_9738,Patson Daka
understat_9741,Chem Campbell
understat_9743,Ákos Kecskés
understat_9745,Dimitris Giannoulis
understat_9752,Jesper Lindstrom
understat_9756,Dominik Greif
understat_9761,Tomás Alarcón
understat_9762,Milutin Osmajic
understat_9778,Henrique
understat_9788,Dominik Szoboszlai
understat_9799,Daniil Kornyushin
understat_9800,Nikita Krivtsov
understat_9805,Álex Balde
understat_9813,Randy Nteka
understat_9817,Esteban Saveljich
understat_9828,Turpal-Ali Ibishev
understat_9833,Andrew Omobamidele
understat_9841,Andrea Cambiaso
understat_9849,Petar Stojanovic
understat_985,Mason Holgate
understat_9850,Filippo Bandinelli
understat_9851,Nedim Bajrami
understat_9854,Kristjan Asllani
understat_9855,Mattia Viti
understat_9866,Nadir Zortea
understat_9876,Alessandro Zanoli
understat_9877,Tyronne Ebuehi
understat_9878,Pietro Ceccaroni
understat_9889,Bjarki Steinn Bjarkason
understat_9902,Pasquale Mazzocchi
understat_9903,Domen Crnigoj
understat_9905,David Okereke
understat_9914,Shandon Baptiste
understat_9916,Finley Stevens
understat_9924,Fabiano Parisi
understat_9946,Gyrano Kerk
understat_9951,Tommaso Baldanzi
understat_9952,Ridgeciano Haps
understat_9965,Matìas Soulè Malvano
understat_9966,Fabio Miretti
understat_9992,Oliver Christensen
